"","VALUE","Freq","EVT_NAME","LFRDB","EVT_FUEL","EVT_FUEL_N","EVT_LF","EVT_PHYS","EVT_GP","EVT_GP_N","SAF_SRM","EVT_ORDER","EVT_CLASS","EVT_SBCLS","R","G","B","RED","GREEN","BLUE","ACRES","REL_PERCENT"
"1",7238,17951,"Laurentian-Acadian Northern Oak Forest",7362,2238,"Tr Laurentian-Acadian Northern Oak Forest","Tree","Hardwood",665,"Red Pine-White Pine Forest and Woodland","SAF 15: Red Pine","Tree-dominated","Closed tree canopy","Deciduous closed tree canopy",174,245,224,0.682353,0.960784,0.878431,3992,0.2
"2",7239,118184,"Laurentian-Acadian Northern Pine-(Oak) Forest",7362,2239,"Tr Laurentian-Acadian Northern Pine-Oak Forest","Tree","Conifer-Hardwood",665,"Red Pine-White Pine Forest and Woodland","SAF 15: Red Pine","Tree-dominated","Closed tree canopy","Mixed evergreen-deciduous closed tree canopy",174,245,224,0.682353,0.960784,0.878431,26283,1.3
"3",7240,39581,"Laurentian-Acadian Hardwood Forest",7366,2240,"Tr Laurentian-Acadian Hardwood Forest","Tree","Hardwood",685,"Pine-Hemlock-Hardwood Forest","SAF 24: Hemlock-Yellow Birch","Tree-dominated","Closed tree canopy","Deciduous closed tree canopy",0,92,0,0,0.360784,0,8803,0.4
"4",7241,165664,"Laurentian-Acadian Pine-Hemlock-Hardwood Forest",7366,2241,"Tr Laurentian-Acadian Pine-Hemlock-Hardwood Forest","Tree","Conifer-Hardwood",685,"Pine-Hemlock-Hardwood Forest","SAF 24: Hemlock-Yellow Birch","Tree-dominated","Closed tree canopy","Mixed evergreen-deciduous closed tree canopy",0,92,0,0,0.360784,0,36843,1.8
"5",7242,1908,"Laurentian Oak Barrens",7407,2242,"Tr Laurentian Oak Barrens","Tree","Hardwood",676,"Jack Pine Forest","SAF 15: Red Pine","Tree-dominated","Sparse tree canopy","Deciduous sparse tree canopy",174,245,224,0.682353,0.960784,0.878431,424,0
"6",7243,576,"Laurentian Pine-Oak Barrens",7407,2243,"Tr Laurentian Pine-Oak Barrens","Tree","Conifer-Hardwood",676,"Jack Pine Forest","SAF 15: Red Pine","Tree-dominated","Sparse tree canopy","Mixed evergreen-deciduous sparse tree canopy",174,245,224,0.682353,0.960784,0.878431,128,0
"7",7292,273373,"Open Water",7292,11,"Ba Open Water","Water","Open Water",11,"Open Water","LF 11: Water","Non-vegetated","Non-vegetated","Non-vegetated",0,0,255,0,0,1,60797,3
"8",7295,192,"Quarries-Strip Mines-Gravel Pits-Well and Wind Pads",7295,32,"Bab Quarries-Strip Mines-Gravel Pits-Well and Wind Pads","Barren","Quarries-Strip Mines-Gravel Pits-Well and Wind Pads",32,"Quarries-Strip Mines-Gravel Pits-Well and Wind Pads","LF 20: Developed","Non-vegetated","Non-vegetated","Developed",230,232,250,0.901961,0.909804,0.980392,43,0
"9",7296,11147,"Developed-Low Intensity",7296,2902,"Bau Developed-Low Intensity","Developed","Developed-Low Intensity",22,"Developed-Low Intensity","LF 20: Developed","No Dominant Lifeform","No Dominant Lifeform","Developed",255,122,143,1,0.478431,0.560784,2479,0.1
"10",7297,2919,"Developed-Medium Intensity",7297,2903,"Bau Developed-Medium Intensity","Developed","Developed-Medium Intensity",23,"Developed-Medium Intensity","LF 20: Developed","No Dominant Lifeform","No Dominant Lifeform","Developed",253,44,79,0.992157,0.172549,0.309804,649,0
"11",7298,658,"Developed-High Intensity",7298,2904,"Bau Developed-High Intensity","Developed","Developed-High Intensity",24,"Developed-High Intensity","LF 20: Developed","No Dominant Lifeform","No Dominant Lifeform","Developed",173,0,28,0.678431,0,0.109804,146,0
"12",7299,185969,"Developed-Roads",7299,2905,"Bau Developed-Roads","Developed","Developed-Roads",25,"Developed-Roads","LF 20: Developed","No Dominant Lifeform","No Dominant Lifeform","Developed",1,1,1,0.003922,0.003922,0.003922,41359,2.1
"13",7301,399468,"Laurentian-Acadian Sub-boreal Aspen-Birch Forest",7301,2301,"Tr Boreal Aspen-Birch Forest","Tree","Hardwood",652,"Aspen-Birch Forest","SAF 16: Aspen","Tree-dominated","Closed tree canopy","Deciduous closed tree canopy",192,255,138,0.752941,1,0.541176,88840,4.4
"14",7302,4002846,"Laurentian-Acadian Northern Hardwoods Forest",7302,2302,"Tr Laurentian-Acadian Northern Hardwoods Forest","Tree","Hardwood",682,"Yellow Birch-Sugar Maple Forest","SAF 27: Sugar Maple","Tree-dominated","Closed tree canopy","Deciduous closed tree canopy",171,255,138,0.670588,1,0.541176,890212,44.3
"15",7362,193276,"Laurentian-Acadian Northern Pine Forest",7362,2362,"Tr Laurentian-Acadian Northern Pine Forest","Tree","Conifer",665,"Red Pine-White Pine Forest and Woodland","SAF 15: Red Pine","Tree-dominated","Closed tree canopy","Evergreen closed tree canopy",174,245,224,0.682353,0.960784,0.878431,42984,2.1
"16",7366,202473,"Laurentian-Acadian Pine-Hemlock Forest",7366,2366,"Tr Laurentian-Acadian Pine-Hemlock Forest","Tree","Conifer",685,"Pine-Hemlock-Hardwood Forest","SAF 24: Hemlock-Yellow Birch","Tree-dominated","Closed tree canopy","Evergreen closed tree canopy",0,92,0,0,0.360784,0,45029,2.2
"17",7407,3292,"Laurentian Pine Barrens",7407,2407,"Tr Laurentian Pine Barrens","Tree","Conifer",676,"Jack Pine Forest","SAF 15: Red Pine","Tree-dominated","Sparse tree canopy","Evergreen sparse tree canopy",174,245,224,0.682353,0.960784,0.878431,732,0
"18",7481,1421723,"Laurentian-Acadian Alkaline Conifer-Hardwood Swamp",7481,2481,"Tr Laurentian-Acadian Alkaline Conifer-Hardwood Swamp","Tree","Riparian",694,"Atlantic Swamp Forests","SAF 39: Black Ash-American Elm-Red Maple","Tree-dominated","Closed tree canopy","Mixed evergreen-deciduous closed tree canopy",50,137,168,0.196078,0.537255,0.658824,316184,15.7
"19",7905,57841,"Eastern Cool Temperate Urban Deciduous Forest",7905,2913,"Dtd Urban Deciduous Forest","Tree","Developed",13,"Developed-Upland Deciduous Forest","LF 20: Developed","Tree-dominated","Open tree canopy","Deciduous open tree canopy",112,68,137,0.439216,0.266667,0.537255,12864,0.6
"20",7906,20392,"Eastern Cool Temperate Urban Evergreen Forest",7906,2914,"Dtc Urban Evergreen Forest","Tree","Developed",14,"Developed-Upland Evergreen Forest","LF 20: Developed","Tree-dominated","Open tree canopy","Evergreen open tree canopy",170,102,205,0.666667,0.4,0.803922,4535,0.2
"21",7907,4692,"Eastern Cool Temperate Urban Mixed Forest",7907,2915,"Dtm Urban Mixed Deciduous-Evergreen Forest","Tree","Developed",15,"Developed-Upland Mixed Forest","LF 20: Developed","Tree-dominated","Open tree canopy","Mixed evergreen-deciduous open tree canopy",194,158,215,0.760784,0.619608,0.843137,1043,0.1
"22",7908,2509,"Eastern Cool Temperate Urban Herbaceous",7908,2916,"Dgr Urban Herbaceous","Herb","Developed",16,"Developed-Upland Herbaceous","LF 20: Developed","Herbaceous / Nonvascular-dominated","Herbaceous - grassland","Perennial graminoid",202,122,245,0.792157,0.478431,0.960784,558,0
"23",7909,124,"Eastern Cool Temperate Urban Shrubland",7909,2917,"Dsh Urban Shrubland","Shrub","Developed",17,"Developed-Upland Shrubland","LF 20: Developed","Shrub-dominated","Shrubland","Mixed evergreen-deciduous shrubland",207,171,215,0.811765,0.670588,0.843137,28,0
"24",7925,5686,"Eastern Cool Temperate Developed Deciduous Forest",7925,2908,"Dtd Developed Deciduous Forest","Tree","Developed",13,"Developed-Upland Deciduous Forest","LF 20: Developed","Tree-dominated","Open tree canopy","Deciduous open tree canopy",64,61,168,0.25098,0.239216,0.658824,1265,0.1
"25",7926,6553,"Eastern Cool Temperate Developed Evergreen Forest",7926,2909,"Dtc Developed Evergreen Forest","Tree","Developed",14,"Developed-Upland Evergreen Forest","LF 20: Developed","Tree-dominated","Open tree canopy","Evergreen open tree canopy",102,119,205,0.4,0.466667,0.803922,1457,0.1
"26",7927,2206,"Eastern Cool Temperate Developed Mixed Forest",7927,2910,"Dtm Developed Mixed Deciduous-Evergreen Forest","Tree","Developed",15,"Developed-Upland Mixed Forest","LF 20: Developed","Tree-dominated","Open tree canopy","Mixed evergreen-deciduous open tree canopy",68,79,137,0.266667,0.309804,0.537255,491,0
"27",7928,189,"Eastern Cool Temperate Developed Shrubland",7928,2912,"Dsh Developed Shrubland","Shrub","Developed",17,"Developed-Upland Shrubland","LF 20: Developed","Shrub-dominated","Shrubland","Mixed evergreen-deciduous shrubland",122,142,245,0.478431,0.556863,0.960784,42,0
"28",7929,2320,"Eastern Cool Temperate Developed Herbaceous",7929,2911,"Dgr Developed Herbaceous","Herb","Developed",16,"Developed-Upland Herbaceous","LF 20: Developed","Herbaceous / Nonvascular-dominated","Herbaceous - grassland","Perennial graminoid",158,170,215,0.619608,0.666667,0.843137,516,0
"29",7970,104,"Eastern Cool Temperate Orchard",7970,2960,"Dab Orchard","Tree","Agricultural",60,"Agricultural-Orchard","LF 80: Agriculture","Tree-dominated","Open tree canopy","Deciduous open tree canopy",210,28,94,0.823529,0.109804,0.368627,23,0
"30",7973,3196,"Eastern Cool Temperate Row Crop - Close Grown Crop",7973,2963,"Da Row Crop - Close Grown Crop","Agriculture","Agricultural",63,"Agricultural-Row Crop-Close Grown Crop","LF 80: Agriculture","Herbaceous / Nonvascular-dominated","Herbaceous - grassland","Annual Graminoid/Forb",255,245,140,1,0.960784,0.54902,711,0
"31",7974,17073,"Eastern Cool Temperate Row Crop",7974,2964,"Da Row Crop","Agriculture","Agricultural",64,"Agricultural-Row Crop","LF 80: Agriculture","Herbaceous / Nonvascular-dominated","Herbaceous - grassland","Annual Graminoid/Forb",250,255,119,0.980392,1,0.466667,3797,0.2
"32",7975,2287,"Eastern Cool Temperate Close Grown Crop",7975,2965,"Da Close Grown Crop","Agriculture","Agricultural",65,"Agricultural-Close Grown Crop","LF 80: Agriculture","Herbaceous / Nonvascular-dominated","Herbaceous - grassland","Annual Graminoid/Forb",255,237,119,1,0.929412,0.466667,509,0
"33",7976,1218,"Eastern Cool Temperate Fallow/Idle Cropland",7976,2966,"Dab Fallow/Idle Cropland","Herb","Agricultural",66,"Agricultural-Fallow/Idle Cropland","LF 80: Agriculture","Herbaceous / Nonvascular-dominated","Herbaceous - grassland","Annual Graminoid/Forb",255,255,119,1,1,0.466667,271,0
"34",7977,28343,"Eastern Cool Temperate Pasture and Hayland",7977,2967,"Dab Pasture and Hayland","Herb","Agricultural",67,"Agricultural-Pasture and Hayland","LF 80: Agriculture","Herbaceous / Nonvascular-dominated","Herbaceous - grassland","Annual Graminoid/Forb",227,212,28,0.890196,0.831373,0.109804,6303,0.3
"35",7978,396,"Eastern Cool Temperate Wheat",7978,2968,"Da Wheat","Agriculture","Agricultural",68,"Agricultural-Wheat","LF 80: Agriculture","Herbaceous / Nonvascular-dominated","Herbaceous - grassland","Annual Graminoid/Forb",250,227,163,0.980392,0.890196,0.639216,88,0
"36",9055,25582,"Boreal-Laurentian Bog",9055,2477,"Tr Boreal Acidic Peatland Systems","Shrub","Riparian",683,"Peatland Forests","SAF 13: Black Spruce-Tamarack","Shrub-dominated","Shrubland","Mixed evergreen-deciduous shrubland",186,163,119,0.729412,0.639216,0.466667,5689,0.3
"37",9056,756692,"Boreal-Laurentian Conifer Acidic Swamp and Treed Poor Fen",9056,2477,"Tr Boreal Acidic Peatland Systems","Tree","Riparian",683,"Peatland Forests","SAF 13: Black Spruce-Tamarack","Tree-dominated","Open tree canopy","Evergreen open tree canopy",186,163,119,0.729412,0.639216,0.466667,168284,8.4
"38",9057,4040,"Boreal-Laurentian-Acadian Acidic Basin Fen",9057,2494,"Sh Laurentian-Acadian Shrub-Herbaceous Wetland Systems","Shrub","Riparian",675,"Inland Marshes and Prairies","LF 44: Laurentian-Acadian Herbaceous Wetland","Shrub-dominated","Shrubland","Mixed evergreen-deciduous shrubland",255,92,38,1,0.360784,0.14902,898,0
"39",9088,392,"Laurentian-Acadian Sub-boreal Dry-Mesic Pine-Black Spruce Forest",9088,2344,"Tr Boreal Jack Pine-Black Spruce Forest","Tree","Conifer",676,"Jack Pine Forest","SAF 1: Jack Pine","Tree-dominated","Closed tree canopy","Evergreen closed tree canopy",174,245,224,0.682353,0.960784,0.878431,87,0
"40",9089,350475,"Laurentian-Acadian Sub-boreal Mesic Balsam Fir-Spruce Forest",9089,2365,"Tr Boreal White Spruce-Fir Forest","Tree","Conifer",693,"Spruce-Fir-Hardwood Forest","SAF 5: Balsam Fir","Tree-dominated","Closed tree canopy","Evergreen closed tree canopy",182,250,227,0.713725,0.980392,0.890196,77944,3.9
"41",9111,199,"Laurentian Acidic Rocky Outcrop Woodland",9111,2559,"Tr Laurentian Acidic Rocky Outcrop","Tree","Conifer",676,"Jack Pine Forest","SAF 15: Red Pine","Tree-dominated","Sparse tree canopy","Evergreen sparse tree canopy",174,245,224,0.682353,0.960784,0.878431,44,0
"42",9112,228739,"Laurentian Jack Pine-Red Pine Forest",9112,2246,"Tr Laurentian Jack Pine-Red Pine Forest","Tree","Conifer",676,"Jack Pine Forest","SAF 15: Red Pine","Tree-dominated","Sparse tree canopy","Evergreen sparse tree canopy",174,245,224,0.682353,0.960784,0.878431,50870,2.5
"43",9114,857,"Laurentian-Acadian Alkaline Fen",9114,2494,"Sh Laurentian-Acadian Shrub-Herbaceous Wetland Systems","Shrub","Riparian",675,"Inland Marshes and Prairies","LF 44: Laurentian-Acadian Herbaceous Wetland","Shrub-dominated","Shrubland","Mixed evergreen-deciduous shrubland",255,92,38,1,0.360784,0.14902,191,0
"44",9117,36708,"Laurentian-Acadian Floodplain Forest",9117,2475,"Tr Laurentian-Acadian Floodplain Systems","Tree","Riparian",666,"Eastern Floodplain Forests","SAF 39: Black Ash-American Elm-Red Maple","Tree-dominated","Open tree canopy","Mixed evergreen-deciduous open tree canopy",50,137,168,0.196078,0.537255,0.658824,8164,0.4
"45",9118,21317,"Laurentian-Acadian Freshwater Marsh",9118,2494,"Sh Laurentian-Acadian Shrub-Herbaceous Wetland Systems","Herb","Riparian",675,"Inland Marshes and Prairies","LF 44: Laurentian-Acadian Herbaceous Wetland","Herbaceous / Nonvascular-dominated","Herbaceous - grassland","Perennial graminoid grassland",255,92,38,1,0.360784,0.14902,4741,0.2
"46",9119,1,"Laurentian-Acadian Lakeshore Beach",9119,2499,"Sps Laurentian-Acadian Sparsely Vegetated Systems","Sparse","Sparsely Vegetated",700,"Sparse Vegetation","LF 33: Sparsely Vegetated","No Dominant Lifeform","Sparsely vegetated","Sparsely vegetated",100,100,100,0.392157,0.392157,0.392157,0,0
"47",9120,76348,"Laurentian-Acadian Wet Meadow",9120,2494,"Sh Laurentian-Acadian Shrub-Herbaceous Wetland Systems","Herb","Riparian",783,"Wet Meadow","LF 44: Laurentian-Acadian Herbaceous Wetland","Herbaceous / Nonvascular-dominated","Herbaceous - grassland","Perennial graminoid grassland",255,92,38,1,0.360784,0.14902,16979,0.8
"48",9183,1,"North-Central Interior Shrub Swamp",9183,2493,"Sh Central Interior and Appalachian Shrub-Herbaceous Wetland Systems","Shrub","Riparian",675,"Inland Marshes and Prairies","LF 45: Central Interior and Appalachian Herbaceous Wetland","Shrub-dominated","Shrubland","Mixed evergreen-deciduous shrubland",91,195,199,0.356863,0.764706,0.780392,0,0
"49",9202,17,"Northern Great Lakes Coastal Marsh",9202,2492,"He Great Lakes Coastal Marsh Systems","Herb","Riparian",675,"Inland Marshes and Prairies","LF 44: Laurentian-Acadian Herbaceous Wetland","Herbaceous / Nonvascular-dominated","Herbaceous - grassland","Perennial graminoid grassland",255,92,38,1,0.360784,0.14902,4,0
"50",9203,5,"Northern Great Lakes Interdunal Wetland",9203,2492,"He Great Lakes Coastal Marsh Systems","Herb","Riparian",675,"Inland Marshes and Prairies","LF 44: Laurentian-Acadian Herbaceous Wetland","Herbaceous / Nonvascular-dominated","Herbaceous - grassland","Perennial graminoid grassland",255,92,38,1,0.360784,0.14902,1,0
"51",9295,183,"Laurentian-Acadian Sub-boreal Dry-Mesic Pine-Black Spruce-Hardwood Forest",9088,2544,"Tr Boreal Jack Pine-Black Spruce-Hardwood Forest","Tree","Conifer-Hardwood",676,"Jack Pine Forest","SAF 1: Jack Pine","Tree-dominated","Closed tree canopy","Mixed evergreen-deciduous closed tree canopy",174,245,224,0.682353,0.960784,0.878431,41,0
"52",9312,155373,"Northeastern North American Temperate Forest Plantation",9312,2562,"Tr Northeastern North American Temperate Forest Plantation","Tree","Conifer",731,"Managed Tree Plantation","LF 61: Managed Tree Plantation","Tree-dominated","Open Tree Canopy","Evergreen open tree canopy",158,67,14,0.619608,0.262745,0.054902,34554,1.7
"53",9314,2621,"Northern & Central Native Ruderal Flooded & Swamp Forest",9314,2565,"Tr Northern & Central Native Ruderal Flooded & Swamp Forest","Tree","Riparian",740,"Ruderal Forest","LF 53: Ruderal Forest","Tree-dominated","Closed tree canopy","Mixed evergreen-deciduous closed tree canopy",255,105,46,1,0.411765,0.180392,583,0
"54",9315,32705,"Northern & Central Native Ruderal Forest",9315,2566,"Tr Northern & Central Native Ruderal Forest","Tree","Conifer-Hardwood",740,"Ruderal Forest","LF 53: Ruderal Forest","Tree-dominated","Open tree canopy","Mixed evergreen-deciduous open tree canopy",255,105,46,1,0.411765,0.180392,7273,0.4
"55",9317,4796,"Northern & Central Ruderal Shrubland",9317,2568,"Sh Northern & Central Ruderal Meadow & Shrubland","Shrub","Exotic Tree-Shrub",706,"Introduced Upland Vegetation-Shrub","LF 52: Introduced Upland Vegetation - Shrub","Shrub-dominated","Shrubland","Deciduous shrubland",255,105,46,1,0.411765,0.180392,1067,0.1
"56",9318,1547,"Northern & Central Ruderal Wet Meadow & Marsh",9318,2569,"He Northern & Central Ruderal Wet Meadow & Marsh","Herb","Riparian",709,"Introduced Herbaceous Wetland Vegetation","LF 59: Introduced Herbaceous Wetland and Riparian Vegetation","Herbaceous / Nonvascular-dominated","Herbaceous - grassland","Perennial graminoid grassland",255,105,46,1,0.411765,0.180392,344,0
"57",9617,257,"Laurentian-Acadian Floodplain Shrubland",9117,2475,"Tr Laurentian-Acadian Floodplain Systems","Shrub","Riparian",666,"Eastern Floodplain Forests","SAF 39: Black Ash-American Elm-Red Maple","Shrub-dominated","Shrubland","Mixed evergreen-deciduous shrubland",50,137,168,0.196078,0.537255,0.658824,57,0
"58",9620,24490,"Laurentian-Acadian Shrub Swamp",9120,2494,"Sh Laurentian-Acadian Shrub-Herbaceous Wetland Systems","Shrub","Riparian",675,"Inland Marshes and Prairies","LF 44: Laurentian-Acadian Herbaceous Wetland","Shrub-dominated","Shrubland","Mixed evergreen-deciduous shrubland",255,92,38,1,0.360784,0.14902,5446,0.3
"59",9817,117644,"Northern & Central Ruderal Meadow",9317,2568,"Sh Northern & Central Ruderal Meadow & Shrubland","Herb","Exotic Herbaceous",703,"Introduced Perennial Grassland and Forbland","LF 54: Introduced Upland Vegetation - Herbaceous","Herbaceous / Nonvascular-dominated","Herbaceous - grassland","Perennial graminoid grassland",255,105,46,1,0.411765,0.180392,26163,1.3
